City_ID,City,Country,Date,Lat,Lng,Max Temp,Humidity,Cloudiness,Wind Speed
0,Dergachi,RU,2021-12-09 21:38:36,51.2328,48.7659,31.5,95,100,6.53
1,Dikson,RU,2021-12-09 21:38:36,73.5069,80.5464,-24.79,99,19,4.97
2,Punta Arenas,CL,2021-12-09 21:38:09,-53.15,-70.9167,60.91,41,40,25.32
3,Airai,TL,2021-12-09 21:38:37,-8.9266,125.4092,62.65,85,92,1.07
4,Petlawad,IN,2021-12-09 21:38:38,23.0,74.8,62.24,56,5,10.33
5,Yumen,CN,2021-12-09 21:38:38,40.2833,97.2,26.46,48,100,7.58
6,Atuona,PF,2021-12-09 21:38:39,-9.8,-139.0333,78.44,63,77,13.96
7,Tual,ID,2021-12-09 21:38:39,-5.6667,132.75,83.82,77,100,20.49
8,Saskylakh,RU,2021-12-09 21:38:40,71.9167,114.0833,-12.82,98,100,6.53
9,Husavik,IS,2021-12-09 21:38:41,66.0449,-17.3389,24.71,92,100,6.2
10,Bluff,NZ,2021-12-09 21:38:41,-46.6,168.3333,59.81,63,6,11.3
11,Yellowknife,CA,2021-12-09 21:35:01,62.456,-114.3525,-4.72,87,75,8.05
12,Ribeira Grande,PT,2021-12-09 21:38:42,38.5167,-28.7,61.2,72,75,8.05
13,Tasiilaq,GL,2021-12-09 21:38:43,65.6145,-37.6368,32.16,68,100,7.67
14,Severo-Kurilsk,RU,2021-12-09 21:38:44,50.6789,156.125,32.0,77,7,7.72
15,Cape Town,ZA,2021-12-09 21:35:52,-33.9258,18.4232,66.61,79,20,4.0
16,Rikitea,PF,2021-12-09 21:38:44,-23.1203,-134.9692,75.85,73,86,20.98
17,Saint-Philippe,RE,2021-12-09 21:38:45,-21.3585,55.7679,76.59,78,54,9.48
18,Norman Wells,CA,2021-12-09 21:38:45,65.282,-126.8329,6.84,85,75,8.05
19,Sao Joao Da Barra,BR,2021-12-09 21:38:45,-21.6403,-41.0511,75.29,82,79,10.58
20,Kandrian,PG,2021-12-09 21:38:46,-6.2167,149.55,82.17,81,100,4.45
21,Leningradskiy,RU,2021-12-09 21:38:47,69.3833,178.4167,-10.62,93,100,21.21
22,Busselton,AU,2021-12-09 21:38:47,-33.65,115.3333,64.09,77,99,12.06
23,East London,ZA,2021-12-09 21:35:17,-33.0153,27.9116,68.77,83,78,5.68
24,Leh,IN,2021-12-09 21:38:48,34.1667,77.5833,8.47,83,91,3.2
25,Mataura,NZ,2021-12-09 21:38:48,-46.1927,168.8643,59.49,50,33,1.14
26,Barrow,US,2021-12-09 21:38:49,71.2906,-156.7887,8.62,78,90,12.66
27,Kavieng,PG,2021-12-09 21:38:50,-2.5744,150.7967,83.25,81,67,17.27
28,Broken Hill,AU,2021-12-09 21:38:50,-31.95,141.4333,58.71,58,40,16.11
29,Jamestown,US,2021-12-09 21:37:00,42.097,-79.2353,33.71,74,90,4.0
30,Penzance,GB,2021-12-09 21:35:08,50.1186,-5.5371,49.21,77,93,33.69
31,Puteyets,RU,2021-12-09 21:38:51,65.1716,57.091,12.29,96,100,2.89
32,Rabo De Peixe,PT,2021-12-09 21:38:52,37.8,-25.5833,58.28,95,20,5.75
33,Faanui,PF,2021-12-09 21:38:52,-16.4833,-151.75,81.12,68,43,11.83
34,Vaini,TO,2021-12-09 21:38:53,-21.2,-175.2,82.56,78,20,8.05
35,Kruisfontein,ZA,2021-12-09 21:38:53,-34.0033,24.7314,65.88,96,98,2.46
36,Tessalit,ML,2021-12-09 21:38:54,20.1986,1.0114,71.35,10,100,9.06
37,New Norfolk,AU,2021-12-09 21:38:54,-42.7826,147.0587,58.66,63,100,1.01
38,Hermanus,ZA,2021-12-09 21:38:55,-34.4187,19.2345,69.91,88,100,14.09
39,Hithadhoo,MV,2021-12-09 21:38:55,-0.6,73.0833,80.62,79,100,10.71
40,Port-Gentil,GA,2021-12-09 21:38:56,-0.7193,8.7815,80.56,89,75,6.91
41,Port Elizabeth,ZA,2021-12-09 21:38:56,-33.918,25.5701,68.29,100,90,6.91
42,Mayo,US,2021-12-09 21:38:57,38.8876,-76.5119,42.78,59,1,5.01
43,Port Blair,IN,2021-12-09 21:38:57,11.6667,92.75,78.17,72,19,10.29
44,Pangnirtung,CA,2021-12-09 21:38:58,66.1451,-65.7125,1.4,78,75,3.44
45,Saint Anthony,US,2021-12-09 21:38:59,45.0205,-93.218,40.55,68,1,10.36
46,Katsuura,JP,2021-12-09 21:38:59,35.1333,140.3,47.1,79,94,14.36
47,Puqi,CN,2021-12-09 21:39:00,29.7167,113.8833,50.36,66,38,2.44
48,Saint George,US,2021-12-09 21:35:33,37.1041,-113.5841,49.62,89,90,3.0
49,Georgetown,MY,2021-12-09 21:37:00,5.4112,100.3354,80.53,81,20,1.99
50,Isangel,VU,2021-12-09 21:34:08,-19.55,169.2667,86.11,70,2,4.61
51,Ola,RU,2021-12-09 21:39:02,59.5833,151.2833,-6.39,80,100,8.61
52,Padang,ID,2021-12-09 21:39:02,-0.9492,100.3543,75.54,95,100,4.29
53,Qaqortoq,GL,2021-12-09 21:39:03,60.7167,-46.0333,27.1,92,16,6.04
54,Kapaa,US,2021-12-09 21:39:04,22.0752,-159.319,80.92,81,20,3.0
55,Aksarka,RU,2021-12-09 21:39:04,66.5606,67.7975,1.65,84,97,4.54
56,Hilo,US,2021-12-09 21:36:52,19.7297,-155.09,79.11,61,75,9.22
57,Meulaboh,ID,2021-12-09 21:39:05,4.1363,96.1285,77.56,87,100,1.7
58,Juneau,US,2021-12-09 21:37:47,58.3019,-134.4197,36.84,96,90,0.0
59,Lompoc,US,2021-12-09 21:39:06,34.6391,-120.4579,60.57,74,90,11.5
60,Pontes E Lacerda,BR,2021-12-09 21:39:06,-15.2261,-59.3353,82.51,71,99,0.87
61,Havre-Saint-Pierre,CA,2021-12-09 21:39:07,50.2334,-63.5986,15.8,61,1,10.36
62,North Myrtle Beach,US,2021-12-09 21:39:07,33.816,-78.68,53.69,74,1,6.91
63,Torbay,CA,2021-12-09 21:35:29,47.6666,-52.7314,39.58,98,90,8.05
64,Sitka,US,2021-12-09 21:39:08,57.0531,-135.33,35.49,87,75,6.91
65,Aden,YE,2021-12-09 21:39:09,12.7794,45.0367,77.72,64,4,12.01
66,Le Port,RE,2021-12-09 21:39:10,-20.9373,55.2919,77.0,79,70,8.34
67,Fonte Boa,BR,2021-12-09 21:39:10,-2.4959,-66.2662,79.41,91,100,1.7
68,Mao,ES,2021-12-09 21:39:11,39.8885,4.2658,54.16,71,75,5.75
69,Bubaque,GW,2021-12-09 21:39:11,11.2833,-15.8333,81.99,70,4,13.8
70,Ushuaia,AR,2021-12-09 21:37:59,-54.8,-68.3,58.66,38,40,23.02
71,Teguise,ES,2021-12-09 21:39:12,29.0605,-13.564,61.02,72,40,25.32
72,Puerto Ayora,EC,2021-12-09 21:39:12,-0.7393,-90.3518,71.56,95,95,3.0
73,Brae,GB,2021-12-09 21:39:13,60.3964,-1.353,46.31,78,100,24.81
74,Plaster Rock,CA,2021-12-09 21:39:13,46.9065,-67.39,13.95,77,37,7.45
75,Nikolskoye,RU,2021-12-09 21:39:14,59.7035,30.7861,0.01,99,85,4.12
76,Avarua,CK,2021-12-09 21:39:14,-21.2078,-159.775,78.85,83,90,6.91
77,Tuktoyaktuk,CA,2021-12-09 21:39:15,69.4541,-133.0374,-7.6,84,20,2.3
78,Emba,KZ,2021-12-09 21:39:16,48.8264,58.1442,26.8,46,100,16.33
79,Bethel,US,2021-12-09 21:39:18,41.3712,-73.414,36.05,64,75,0.0
80,Pizarro,CO,2021-12-09 21:39:19,4.9533,-77.366,78.17,92,70,10.69
81,Upernavik,GL,2021-12-09 21:39:20,72.7868,-56.1549,2.55,100,93,9.04
82,Dakar,SN,2021-12-09 21:39:20,14.6937,-17.4441,74.28,83,0,9.22
83,Odweyne,SO,2021-12-09 21:39:22,9.4092,45.064,60.82,30,0,12.86
84,Ponta Delgada,PT,2021-12-09 21:39:23,37.7333,-25.6667,59.5,82,20,5.75
85,Port Macquarie,AU,2021-12-09 21:38:23,-31.4333,152.9167,73.89,52,3,7.81
86,Severnoye,RU,2021-12-09 21:39:23,56.3491,78.3619,11.08,94,100,9.28
87,Nakhon Phanom,TH,2021-12-09 21:39:24,17.3333,104.4167,61.5,93,94,4.07
88,Mackenzie,CA,2021-12-09 21:39:25,55.2999,-123.1698,19.62,86,1,3.44
89,Martapura,ID,2021-12-09 21:39:26,-3.4167,114.85,75.29,100,90,3.44
90,Bredasdorp,ZA,2021-12-09 21:39:26,-34.5322,20.0403,64.27,88,100,11.77
91,Hasaki,JP,2021-12-09 21:39:27,35.7333,140.8333,41.4,67,100,16.28
92,Mubende,UG,2021-12-09 21:39:28,0.5606,31.39,61.74,97,5,0.94
93,Castro,BR,2021-12-09 21:39:28,-24.7911,-50.0119,62.64,49,0,3.6
94,Petropavlovsk-Kamchatskiy,RU,2021-12-09 21:39:29,53.0452,158.6483,18.19,73,75,6.71
95,Stuttgart,DE,2021-12-09 21:35:57,48.7823,9.177,39.65,88,75,6.91
96,Sawakin,SD,2021-12-09 21:39:30,19.1059,37.3321,77.31,72,68,11.9
97,Albany,US,2021-12-09 21:38:48,42.6001,-73.9662,31.8,64,100,3.33
98,Butaritari,KI,2021-12-09 21:39:30,3.0707,172.7902,81.93,77,99,8.46
99,Bandarbeyla,SO,2021-12-09 21:39:31,9.4942,50.8122,77.43,64,29,20.15
100,Anloga,GH,2021-12-09 21:39:32,5.7947,0.8973,82.62,83,37,8.48
101,Zhicheng,CN,2021-12-09 21:39:32,30.2956,111.5047,51.12,63,98,2.13
102,Noumea,NC,2021-12-09 21:39:33,-22.2763,166.4572,87.78,99,3,5.84
103,Batagay,RU,2021-12-09 21:39:33,67.6333,134.6333,-37.68,100,91,1.68
104,Shakawe,BW,2021-12-09 21:39:34,-18.3667,21.85,73.27,67,100,1.39
105,Polovinnoye,RU,2021-12-09 21:39:34,54.7914,65.9864,10.42,76,77,9.73
106,Constitucion,CL,2021-12-09 21:39:35,-35.3333,-72.4167,63.25,76,14,6.85
107,Mar Del Plata,AR,2021-12-09 21:39:35,-38.0023,-57.5575,69.82,89,0,28.01
108,Port Alfred,ZA,2021-12-09 21:39:36,-33.5906,26.891,70.52,91,35,8.19
109,Vorotynsk,RU,2021-12-09 21:39:36,54.4283,36.0465,12.92,87,12,8.55
110,Burnie,AU,2021-12-09 21:39:37,-41.0667,145.9167,59.92,81,45,0.98
111,Iqaluit,CA,2021-12-09 21:39:38,63.7506,-68.5145,6.53,72,75,14.97
112,Benalla,AU,2021-12-09 21:39:38,-36.55,145.9833,61.86,54,39,8.1
113,Pevek,RU,2021-12-09 21:39:39,69.7008,170.3133,-23.84,98,100,8.61
114,Dawei,MM,2021-12-09 21:39:40,14.0833,98.2,72.9,74,100,7.16
115,Mahebourg,MU,2021-12-09 21:39:40,-20.4081,57.7,73.69,88,75,10.36
116,Beipiao,CN,2021-12-09 21:39:41,41.7919,120.7792,31.3,65,2,4.97
117,Fushe-Arrez,AL,2021-12-09 21:39:42,42.0622,20.0167,37.45,100,100,1.34
118,Sao Filipe,CV,2021-12-09 21:39:43,14.8961,-24.4956,75.07,68,94,13.94
119,Avera,US,2021-12-09 21:39:43,33.194,-82.5271,53.26,66,100,5.68
120,Luderitz,NA,2021-12-09 21:39:44,-26.6481,15.1594,62.22,79,0,11.63
121,Baker City,US,2021-12-09 21:39:45,44.7749,-117.8344,36.93,57,75,4.61
122,Khatanga,RU,2021-12-09 21:39:45,71.9667,102.5,-8.68,96,100,11.36
123,Patnanungan,PH,2021-12-09 21:39:46,14.7833,122.1833,78.58,66,89,22.12
124,Ishinomaki,JP,2021-12-09 21:39:47,38.4167,141.3,41.0,83,92,6.08
125,Christchurch,NZ,2021-12-09 21:35:36,-43.5333,172.6333,63.0,79,90,6.91
126,Mwinilunga,ZM,2021-12-09 21:39:48,-11.7358,24.4293,62.65,91,35,0.94
127,Berlevag,NO,2021-12-09 21:39:48,70.8578,29.0864,24.8,63,75,16.11
128,Medicine Hat,CA,2021-12-09 21:39:42,50.0501,-110.6683,30.63,56,20,4.0
129,Jodar,ES,2021-12-09 21:39:50,37.8406,-3.3526,51.53,82,77,4.5
130,Bharatpur,IN,2021-12-09 21:39:50,27.2167,77.4833,55.87,53,0,4.45
131,Itarema,BR,2021-12-09 21:39:51,-2.9248,-39.9167,81.3,80,76,16.71
132,Vila Do Maio,CV,2021-12-09 21:39:51,15.1333,-23.2167,74.19,70,94,19.15
133,Carnarvon,AU,2021-12-09 21:39:52,-24.8667,113.6333,69.87,78,40,14.97
134,Arraial Do Cabo,BR,2021-12-09 21:39:53,-22.9661,-42.0278,73.36,83,0,8.05
135,Thompson,CA,2021-12-09 21:39:53,55.7435,-97.8558,1.56,78,90,9.22
136,Demirci,TR,2021-12-09 21:39:54,39.0461,28.6589,41.77,60,31,5.82
137,Longyearbyen,SJ,2021-12-09 21:39:55,78.2186,15.6401,24.64,80,75,4.61
138,Tiksi,RU,2021-12-09 21:39:55,71.6872,128.8694,-9.99,93,100,9.66
139,Caravelas,BR,2021-12-09 21:39:56,-17.7125,-39.2481,72.23,98,100,3.74
140,Maceio,BR,2021-12-09 21:39:56,-9.6658,-35.7353,81.84,83,40,10.36
141,Nueva Loja,EC,2021-12-09 21:39:57,0.0847,-76.8828,86.02,70,40,5.75
142,Fortuna,US,2021-12-09 21:39:57,40.5982,-124.1573,52.86,62,1,8.01
143,Mayumba,GA,2021-12-09 21:39:58,-3.432,10.6554,77.97,90,91,2.64
144,Shieli,KZ,2021-12-09 21:39:58,44.1667,66.75,36.91,26,11,13.78
145,Piacabucu,BR,2021-12-09 21:39:59,-10.4056,-36.4344,79.95,82,43,15.01
146,Arinos,BR,2021-12-09 21:39:59,-15.9169,-46.1056,74.84,78,100,2.3
147,Westport,US,2021-12-09 21:35:10,41.1415,-73.3579,38.25,61,90,1.01
148,Salalah,OM,2021-12-09 21:40:00,17.0151,54.0924,77.09,65,20,2.3
149,Vestmannaeyjar,IS,2021-12-09 21:40:00,63.4427,-20.2734,35.08,98,100,15.52
150,Kodiak,US,2021-12-09 21:40:01,57.79,-152.4072,42.31,61,75,17.27
151,Nanortalik,GL,2021-12-09 21:40:03,60.1432,-45.2371,26.1,86,100,11.41
152,Mumford,GH,2021-12-09 21:40:04,5.2618,-0.759,80.38,87,14,8.39
153,Lorengau,PG,2021-12-09 21:40:05,-2.0226,147.2712,82.15,79,98,25.01
154,Hobart,AU,2021-12-09 21:40:05,-42.8794,147.3294,59.02,74,75,1.01
155,Swellendam,ZA,2021-12-09 21:40:06,-34.0226,20.4417,64.15,94,100,10.8
156,Miraflores,MX,2021-12-09 21:40:07,19.2167,-98.8083,74.05,33,12,2.98
157,Kaitangata,NZ,2021-12-09 21:40:07,-46.2817,169.8464,61.93,53,18,1.99
158,Rameswaram,IN,2021-12-09 21:40:08,9.2833,79.3,80.82,76,78,13.51
159,Narsaq,GL,2021-12-09 21:40:09,60.9167,-46.05,26.82,79,32,6.31
160,Santa Cruz Del Norte,CU,2021-12-09 21:40:09,23.1539,-81.9236,83.14,74,2,12.86
161,Sokoni,TZ,2021-12-09 21:40:10,-6.4333,39.55,80.46,78,8,11.45
162,Lufilufi,WS,2021-12-09 21:40:11,-13.8745,-171.5986,83.98,74,100,14.67
163,Clyde River,CA,2021-12-09 21:39:57,70.4692,-68.5914,-9.17,84,20,5.75
164,Beringovskiy,RU,2021-12-09 21:40:11,63.05,179.3167,-10.1,93,95,14.58
165,Menongue,AO,2021-12-09 21:40:12,-14.6585,17.691,64.33,87,95,3.78
166,Placido De Castro,BR,2021-12-09 21:40:12,-10.3353,-67.1856,73.92,99,100,2.71
167,Qaanaaq,GL,2021-12-09 21:40:13,77.484,-69.3632,-0.44,83,42,8.08
168,Bundaberg,AU,2021-12-09 21:37:12,-24.85,152.35,81.21,79,40,1.99
169,Gimli,CA,2021-12-09 21:40:14,50.6336,-96.9907,26.62,63,65,4.61
170,Santa Cecilia,BR,2021-12-09 21:40:15,-26.9608,-50.4269,59.68,67,9,4.79
171,Moron,AR,2021-12-09 21:38:03,-34.6534,-58.6198,80.02,63,98,4.0
172,Riyadh,SA,2021-12-09 21:39:41,24.6877,46.7219,60.94,30,85,4.09
173,Corn Island,NI,2021-12-09 21:40:16,12.1694,-83.0418,80.98,78,25,15.55
174,Aswan,EG,2021-12-09 21:40:16,24.0934,32.907,60.62,48,85,9.06
175,Chuy,UY,2021-12-09 21:40:17,-33.6971,-53.4616,66.56,76,28,12.71
176,Komsomolskiy,UZ,2021-12-09 21:40:18,40.4272,71.7189,33.22,69,0,9.22
177,Acapulco,MX,2021-12-09 21:40:18,16.8634,-99.8901,87.62,70,40,6.91
178,Hualmay,PE,2021-12-09 21:40:19,-11.0964,-77.6139,69.1,78,87,8.79
179,Namibe,AO,2021-12-09 21:40:19,-15.1961,12.1522,71.51,63,25,8.03
180,Lebu,CL,2021-12-09 21:40:20,-37.6167,-73.65,60.62,76,0,18.25
181,Vostok,RU,2021-12-09 21:40:20,46.4856,135.8833,19.99,84,100,4.21
182,Margate,GB,2021-12-09 21:40:21,51.3813,1.3862,46.31,85,100,5.99
183,Yaan,NG,2021-12-09 21:40:21,7.3833,8.5667,78.84,18,8,5.44
184,Baruun-Urt,MN,2021-12-09 21:40:22,46.6806,113.2792,16.43,68,7,5.79
185,Dingle,PH,2021-12-09 21:40:22,10.9995,122.6711,73.98,90,75,9.55
186,Cabo San Lucas,MX,2021-12-09 21:36:32,22.8909,-109.9124,86.5,49,1,8.05
187,Grand Gaube,MU,2021-12-09 21:40:23,-20.0064,57.6608,73.8,85,6,3.0
188,Polunochnoye,RU,2021-12-09 21:40:24,60.8697,60.4153,21.49,97,100,3.58
189,Flinders,AU,2021-12-09 21:40:26,-34.5833,150.8552,65.37,83,44,14.72
190,Hamilton,US,2021-12-09 21:35:54,39.1834,-84.5333,56.25,47,1,1.01
191,Babushkin,RU,2021-12-09 21:40:27,51.7122,105.8647,16.0,83,100,7.94
192,Taoudenni,ML,2021-12-09 21:40:28,22.6783,-3.9836,67.6,11,100,12.48
193,Ponta Do Sol,PT,2021-12-09 21:40:29,32.6667,-17.1,65.71,75,58,8.34
194,Skelleftea,SE,2021-12-09 21:40:29,64.7507,20.9528,26.96,69,90,1.01
195,Laguna,US,2021-12-09 21:40:30,38.421,-121.4238,59.29,71,20,4.0
196,Port Augusta,AU,2021-12-09 21:40:30,-32.5,137.7667,62.71,49,0,8.01
197,Derzhavinsk,KZ,2021-12-09 21:40:31,51.1,66.3167,11.23,73,79,8.43
198,Kushima,JP,2021-12-09 21:40:32,31.4583,131.2333,53.11,85,46,4.25
199,Baghdad,IQ,2021-12-09 21:38:11,33.3406,44.4009,48.11,61,0,3.44
200,Coquimbo,CL,2021-12-09 21:40:33,-29.9533,-71.3436,65.93,68,0,13.8
201,Codrington,AU,2021-12-09 21:40:34,-38.2667,141.9667,56.66,73,92,14.0
202,Victoria,HK,2021-12-09 21:39:21,22.2855,114.1577,67.32,85,1,4.0
203,Stromness,GB,2021-12-09 21:40:35,58.965,-3.296,42.76,86,100,21.09
204,Panalingaan,PH,2021-12-09 21:40:35,8.7842,117.4231,77.49,88,100,2.89
205,Serov,RU,2021-12-09 21:40:36,59.6033,60.5787,27.48,84,100,9.89
206,Kahului,US,2021-12-09 21:36:45,20.8947,-156.47,82.85,68,20,4.61
207,Mayskiy,RU,2021-12-09 21:40:37,47.6931,40.1025,47.44,77,100,4.92
208,Bakel,SN,2021-12-09 21:40:37,14.905,-12.4568,80.4,13,64,10.56
209,Koumra,TD,2021-12-09 21:40:38,8.9126,17.5539,78.35,23,6,5.28
210,Malino,PH,2021-12-09 21:40:39,15.1257,120.6727,75.85,85,70,3.47
211,Kijang,KR,2021-12-09 21:40:39,35.2442,129.2139,40.73,71,28,3.85
212,Namatanai,PG,2021-12-09 21:40:40,-3.6667,152.4333,82.71,80,78,12.68
213,Te Anau,NZ,2021-12-09 21:40:41,-45.4167,167.7167,61.21,55,27,0.83
214,Ribas Do Rio Pardo,BR,2021-12-09 21:40:41,-20.4431,-53.7592,81.01,34,30,7.0
215,Nemyriv,UA,2021-12-09 21:40:42,48.9708,28.8378,33.33,96,98,9.73
216,Los Reyes,MX,2021-12-09 21:40:42,19.35,-98.9667,74.95,20,1,4.61
217,Verkhoyansk,RU,2021-12-09 21:40:43,67.5447,133.385,-40.52,99,96,1.57
218,Porto Novo,BJ,2021-12-09 21:37:36,6.4965,2.6036,84.02,83,30,5.26
219,Cockburn Town,TC,2021-12-09 21:40:43,21.4612,-71.1419,80.56,61,20,9.22
220,Somerset East,ZA,2021-12-09 21:40:44,-32.7217,25.588,64.81,91,98,5.77
221,Dunedin,NZ,2021-12-09 21:40:44,-45.8742,170.5036,54.7,81,84,7.16
222,Kysyl-Syr,RU,2021-12-09 21:40:45,63.8986,122.7617,-3.48,97,100,6.51
223,Caldas Novas,BR,2021-12-09 21:40:46,-17.7417,-48.625,73.44,61,8,6.2
224,Bambous Virieux,MU,2021-12-09 21:40:46,-20.3428,57.7575,73.65,88,75,10.36
225,Provideniya,RU,2021-12-09 21:40:47,64.3833,-173.3,5.11,78,90,17.9
226,Moose Factory,CA,2021-12-09 21:40:47,51.2585,-80.6094,5.0,72,1,8.05
227,La Romana,DO,2021-12-09 21:40:48,18.4273,-68.9728,84.56,65,20,9.22
228,Korla,CN,2021-12-09 21:40:49,41.7597,86.1469,29.5,65,98,11.1
229,Vila Velha,BR,2021-12-09 21:35:59,-20.3297,-40.2925,75.15,84,75,5.75
230,Necochea,AR,2021-12-09 21:37:50,-38.5473,-58.7368,64.04,56,100,13.8
231,Marystown,CA,2021-12-09 21:40:50,47.1666,-55.1483,29.86,100,100,20.0
232,Vuktyl,RU,2021-12-09 21:40:50,63.8567,57.3094,16.57,96,100,3.36
233,College,US,2021-12-09 21:40:51,64.8569,-147.8028,10.06,82,75,0.0
234,Chokurdakh,RU,2021-12-09 21:40:52,70.6333,147.9167,-47.4,100,79,3.53
235,Naron,ES,2021-12-09 21:40:52,43.5167,-8.1528,58.05,95,100,19.57
236,Linxia,CN,2021-12-09 21:40:53,35.6003,103.2064,30.94,65,100,1.34
237,Henties Bay,NA,2021-12-09 21:40:53,-22.116,14.2845,59.86,91,5,3.06
238,Ostrovnoy,RU,2021-12-09 21:40:54,68.0531,39.5131,12.24,96,94,10.02
239,Tabuk,PH,2021-12-09 21:40:55,17.4189,121.4443,67.1,88,80,3.71
240,Nador,MA,2021-12-09 21:40:55,35.174,-2.9287,59.25,72,0,23.02
241,Inuvik,CA,2021-12-09 21:36:48,68.3499,-133.7218,5.86,85,20,5.75
242,Koundara,GN,2021-12-09 21:40:56,12.4833,-13.3,79.57,19,37,2.39
243,Funadhoo,MV,2021-12-09 21:40:57,6.15,73.2667,81.43,78,99,9.4
244,Basco,PH,2021-12-09 21:40:57,20.4487,121.9702,75.54,64,57,25.28
245,Hovd,MN,2021-12-09 21:40:58,48.0056,91.6419,8.31,80,51,5.23
246,Rafaela,AR,2021-12-09 21:40:58,-31.2503,-61.4867,84.34,28,100,10.83
247,Turukhansk,RU,2021-12-09 21:40:59,65.8167,87.9833,-25.26,100,92,3.44
248,Turkmenabat,TM,2021-12-09 21:41:00,39.0733,63.5786,40.98,60,0,11.5
249,Leninskoye,KZ,2021-12-09 21:41:00,41.7589,69.3864,33.73,22,5,3.94
250,Gamba,GA,2021-12-09 21:41:01,-2.65,10.0,77.88,90,100,4.56
251,Lata,PT,2021-12-09 21:41:02,40.1629,-8.3327,54.91,95,100,3.31
252,Yuanping,CN,2021-12-09 21:41:02,38.7153,112.7575,33.21,52,100,2.77
253,Santa Rosa,PH,2021-12-09 21:41:03,14.3122,121.1114,76.98,76,95,14.32
254,Zyryanka,RU,2021-12-09 21:41:04,65.75,150.85,-45.09,98,84,4.88
255,At-Bashi,KG,2021-12-09 21:41:04,41.1702,75.8106,5.83,74,8,1.54
256,Tagusao,PH,2021-12-09 21:41:05,9.1924,117.8141,77.68,85,100,3.49
257,Teguldet,RU,2021-12-09 21:41:06,57.3064,88.1667,5.27,89,100,14.14
258,Petatlan,MX,2021-12-09 21:41:06,17.5167,-101.2667,85.69,56,26,5.79
259,Alofi,NU,2021-12-09 21:41:07,-19.0595,-169.9187,78.69,83,90,8.05
260,Nurobod,UZ,2021-12-09 21:41:08,40.9056,69.8023,32.85,22,2,9.4
261,Goderich,CA,2021-12-09 21:41:08,43.7501,-81.7165,30.9,74,100,13.8
262,Hot Springs,US,2021-12-09 21:40:17,34.5037,-93.0552,59.7,90,90,3.0
263,Hsinchu,TW,2021-12-09 21:41:10,24.8036,120.9686,71.91,68,10,5.01
264,Bloemfontein,ZA,2021-12-09 21:43:16,-29.1211,26.214,58.48,88,84,10.36
265,Kerema,PG,2021-12-09 21:43:16,-7.9631,145.7785,78.04,86,100,3.96
266,Najran,SA,2021-12-09 21:43:17,17.4924,44.1277,52.45,28,0,0.56
267,Bethanien,NA,2021-12-09 21:43:17,-26.502,17.1583,73.18,28,1,5.23
268,Pingliang,CN,2021-12-09 21:43:18,35.5392,106.6861,38.41,62,100,2.82
269,Mahon,ES,2021-12-09 21:38:57,39.8885,4.2658,54.16,71,75,5.75
270,Loiza,PR,2021-12-09 21:41:19,18.4313,-65.8802,82.4,69,40,14.97
271,Vazante,BR,2021-12-09 21:43:19,-17.9869,-46.9078,75.58,58,26,2.46
272,Vila Franca Do Campo,PT,2021-12-09 21:43:19,37.7167,-25.4333,59.2,69,38,0.81
273,Tezu,IN,2021-12-09 21:43:20,27.9167,96.1667,62.04,51,97,3.74
274,Kuytun,RU,2021-12-09 21:43:20,54.3419,101.5036,7.41,93,100,6.8
275,Guilin,CN,2021-12-09 21:43:21,25.2819,110.2864,57.31,69,22,3.47
276,Skibbereen,IE,2021-12-09 21:43:21,51.55,-9.2667,42.6,70,22,23.53
277,Fairbanks,US,2021-12-09 21:38:38,64.8378,-147.7164,3.97,82,75,0.0
278,Ahipara,NZ,2021-12-09 21:43:22,-35.1667,173.1667,72.68,57,51,3.13
279,Trinidad,BO,2021-12-09 21:43:22,-14.8333,-64.9,78.78,94,40,4.61
280,Linao,PH,2021-12-09 21:43:23,7.1678,124.9675,74.61,91,100,0.87
281,Boa Vista,BR,2021-12-09 21:43:23,2.8197,-60.6733,85.98,66,40,9.22
282,Ambilobe,MG,2021-12-09 21:43:23,-13.2,49.05,74.23,79,91,3.6
283,San Quintin,MX,2021-12-09 21:43:24,30.4833,-115.95,61.86,81,100,10.65
284,Urusha,RU,2021-12-09 21:43:24,54.05,122.9,-2.47,98,40,2.44
285,Deputatskiy,RU,2021-12-09 21:43:25,69.3,139.9,-34.91,99,94,3.85
286,Lasa,IT,2021-12-09 21:43:25,46.6166,10.7002,26.51,89,79,4.0
287,Turgenevo,RU,2021-12-09 21:43:26,54.8455,46.3297,27.88,94,100,10.27
288,Kaka,TM,2021-12-09 21:43:26,37.3482,59.6143,54.37,28,0,6.31
289,Saldanha,ZA,2021-12-09 21:43:27,-33.0117,17.9442,62.65,95,22,10.47
290,Aquiraz,BR,2021-12-09 21:43:28,-3.9014,-38.3911,86.22,64,79,12.5
291,Bloomsburg,US,2021-12-09 21:43:28,41.0037,-76.4549,37.17,66,100,2.06
292,Tocopilla,CL,2021-12-09 21:43:29,-22.092,-70.1979,66.18,74,99,4.97
293,Sheltozero,RU,2021-12-09 21:43:29,61.3667,35.3667,3.85,96,79,5.57
294,Auki,SB,2021-12-09 21:43:29,-8.7676,160.7034,83.48,78,100,6.93
295,Talnakh,RU,2021-12-09 21:43:30,69.4865,88.3972,-21.62,99,67,6.6
296,Half Moon Bay,US,2021-12-09 21:43:30,37.4636,-122.4286,60.15,62,1,4.0
297,Jyvaskyla,FI,2021-12-09 21:43:31,62.2415,25.7209,14.36,88,90,4.61
298,Nome,US,2021-12-09 21:43:31,64.5011,-165.4064,12.27,67,90,13.8
299,San Rafael Del Sur,NI,2021-12-09 21:43:31,11.8485,-86.4384,83.37,51,18,13.65
300,Port Hedland,AU,2021-12-09 21:43:32,-20.3167,118.5667,84.25,74,19,8.05
301,Hvolsvollur,IS,2021-12-09 21:43:32,63.7533,-20.2243,34.81,97,100,3.44
302,Svetlaya,RU,2021-12-09 21:43:33,46.5389,138.3297,32.7,69,100,4.94
303,Anaconda,US,2021-12-09 21:43:33,46.1285,-112.9423,27.59,49,45,9.31
304,Port Hardy,CA,2021-12-09 21:43:34,50.6996,-127.4199,39.2,93,90,8.05
305,Lipin Bor,RU,2021-12-09 21:43:34,60.2622,37.9763,-3.62,99,82,3.13
306,Krasnoselkup,RU,2021-12-09 21:43:34,65.7,82.4667,-17.68,98,6,7.11
307,Saint-Pierre,RE,2021-12-09 21:43:35,-21.3393,55.4781,76.64,82,0,5.75
308,Sijunjung,ID,2021-12-09 21:43:35,-0.6876,100.9537,71.8,99,100,1.05
309,Naze,JP,2021-12-09 21:43:36,28.3667,129.4833,58.12,59,93,4.9
310,Chapleau,CA,2021-12-09 21:43:37,47.8405,-83.4034,15.89,86,90,8.05
311,Pula,HR,2021-12-09 21:43:37,44.8683,13.8481,44.49,87,75,4.61
312,Grindavik,IS,2021-12-09 21:43:38,63.8424,-22.4338,36.07,93,90,4.61
313,Portland,US,2021-12-09 21:43:38,45.5234,-122.6762,43.9,92,90,1.01
314,Esperance,AU,2021-12-09 21:43:39,-33.8667,121.9,62.44,61,30,16.31
315,Skaelskor,DK,2021-12-09 21:43:40,55.2506,11.2935,34.11,91,100,11.65
316,Desur,IN,2021-12-09 21:43:40,12.4333,79.4833,71.33,95,4,6.53
317,Pionerskiy,RU,2021-12-09 21:43:41,54.9508,20.2275,28.24,82,100,19.57
318,Waddan,LY,2021-12-09 21:43:41,29.1614,16.139,54.39,19,0,6.62
319,Khanpur,PK,2021-12-09 21:43:42,28.6453,70.6567,58.93,31,0,4.34
320,Fort Walton Beach,US,2021-12-09 21:43:42,30.4058,-86.6188,70.45,90,90,4.0
321,Cidreira,BR,2021-12-09 21:43:43,-30.1811,-50.2056,68.22,69,10,11.34
322,Geraldton,AU,2021-12-09 21:43:43,-28.7667,114.6,70.21,68,90,6.91
323,Alta Floresta,BR,2021-12-09 21:43:44,-9.8756,-56.0861,74.86,94,100,2.1
324,Pisco,PE,2021-12-09 21:43:44,-13.7,-76.2167,69.85,78,100,6.91
325,Jackson,US,2021-12-09 21:43:45,42.4165,-122.8345,44.92,73,90,0.0
326,Fukue,JP,2021-12-09 21:43:45,32.6881,128.8419,58.98,70,16,3.4
327,Mizdah,LY,2021-12-09 21:43:46,31.4451,12.9801,46.99,56,0,9.71
328,Springfield,US,2021-12-09 21:41:54,37.2153,-93.2982,68.04,50,1,10.0
329,San Marcos,US,2021-12-09 21:41:09,33.1434,-117.1661,60.64,86,90,3.0
330,Inhambane,MZ,2021-12-09 21:43:46,-23.865,35.3833,76.08,90,42,7.31
331,Tilichiki,RU,2021-12-09 21:43:47,60.4667,166.1,-17.34,89,5,8.03
332,Zhaotong,CN,2021-12-09 21:43:47,27.3167,103.7167,44.15,96,97,2.42
333,Shelburne,CA,2021-12-09 21:43:48,44.0787,-80.2041,25.56,84,100,13.44
334,Xuzhou,CN,2021-12-09 21:43:49,34.1805,117.1571,43.54,68,13,1.52
335,Anamur,TR,2021-12-09 21:43:49,36.0751,32.8369,53.62,72,62,3.53
336,Mayna,RU,2021-12-09 21:43:50,54.1135,47.6231,30.02,85,100,5.12
337,Le Havre,FR,2021-12-09 21:43:50,49.4938,0.1077,47.1,97,90,12.66
338,Ayan,RU,2021-12-09 21:43:51,56.45,138.1667,16.65,69,33,10.49
339,Bayshore Gardens,US,2021-12-09 21:43:51,27.4253,-82.5904,82.27,66,1,5.75
340,Kloulklubed,PW,2021-12-09 21:43:52,7.0419,134.2556,77.5,75,100,8.86
341,Chapais,CA,2021-12-09 21:43:53,49.7834,-74.8492,1.18,100,96,3.38
342,Gat,IL,2021-12-09 21:43:53,31.61,34.7642,56.39,72,1,4.12
343,Coihaique,CL,2021-12-09 21:39:53,-45.5752,-72.0662,82.35,21,0,8.05
344,Chernyshevskiy,RU,2021-12-09 21:43:54,63.0128,112.4714,-3.1,94,100,10.63
345,Southbridge,US,2021-12-09 21:43:54,42.0751,-72.0334,33.82,62,100,3.02
346,Camacha,PT,2021-12-09 21:43:55,33.0833,-16.3333,60.53,77,40,17.27
347,Jawhar,SO,2021-12-09 21:43:56,2.7809,45.5005,73.4,80,48,14.54
348,Ulladulla,AU,2021-12-09 21:43:56,-35.35,150.4667,63.88,95,100,24.38
349,Haines Junction,CA,2021-12-09 21:43:57,60.7522,-137.5108,-14.85,76,100,1.14
350,Adrar,MR,2021-12-09 21:43:58,20.5022,-10.0711,64.74,14,100,11.68
351,Smithers,CA,2021-12-09 21:43:58,54.7804,-127.1743,17.92,93,40,2.3
352,Muscat,OM,2021-12-09 21:42:00,23.6139,58.5922,66.22,54,4,5.1
353,Quang Ngai,VN,2021-12-09 21:42:54,15.1167,108.8,70.29,84,81,5.99
354,Dillon,US,2021-12-09 21:43:59,34.4166,-79.3712,52.25,62,100,6.55
355,Genhe,CN,2021-12-09 21:44:00,50.7833,121.5167,1.38,99,99,1.54
356,Willowmore,ZA,2021-12-09 21:44:01,-33.2926,23.4895,65.44,71,45,9.37
357,Tautira,PF,2021-12-09 21:44:01,-17.7333,-149.15,86.02,68,25,11.79
358,Buala,SB,2021-12-09 21:44:02,-8.145,159.5921,82.0,83,100,7.43
359,Jaisalmer,IN,2021-12-09 21:44:02,26.9147,70.9181,60.4,31,0,7.99
360,Praia,CV,2021-12-09 21:44:03,14.9215,-23.5087,73.94,73,20,17.27
361,Mandera,KE,2021-12-09 21:44:04,3.9366,41.867,81.84,32,43,8.25
362,Enshi,CN,2021-12-09 21:44:04,30.3,109.4833,51.58,85,100,0.38
363,Nouadhibou,MR,2021-12-09 21:44:05,20.931,-17.0347,66.18,77,95,16.11
364,Lavrentiya,RU,2021-12-09 21:44:05,65.5833,-171.0,-6.65,88,97,9.35
365,Zeya,RU,2021-12-09 21:44:06,53.75,127.2667,5.58,91,98,3.85
366,Osorno,CL,2021-12-09 21:44:06,-40.5667,-73.15,79.11,41,0,10.36
367,Northampton,US,2021-12-09 21:44:07,40.8754,-75.2499,36.12,59,100,2.64
368,Miquelon,PM,2021-12-09 21:44:08,47.0975,-56.3814,30.85,81,100,39.24
369,North Bend,US,2021-12-09 21:44:08,43.4065,-124.2243,47.16,95,90,3.44
370,Praya,CV,2021-12-09 21:44:03,14.9215,-23.5087,73.94,73,20,17.27
371,Kamenka,RU,2021-12-09 21:44:09,51.3223,42.7678,31.75,87,100,7.49
372,Okhotsk,RU,2021-12-09 21:44:10,59.3833,143.3,1.31,89,100,11.41
373,Mlowo,TZ,2021-12-09 21:44:10,-9.0,32.9833,61.25,83,18,2.3
374,Lagoa,PT,2021-12-09 21:44:11,39.05,-27.9833,62.76,60,99,8.12
375,Richards Bay,ZA,2021-12-09 21:44:12,-28.783,32.0377,71.06,95,58,4.32
376,Kyshtovka,RU,2021-12-09 21:44:12,56.555,76.6271,10.27,97,96,6.53
377,Kultuk,RU,2021-12-09 21:44:13,51.7208,103.6956,5.81,92,99,3.56
378,Cherskiy,RU,2021-12-09 21:44:14,68.75,161.3,-43.87,100,95,5.75
379,Tabas,IR,2021-12-09 21:44:14,33.5959,56.9244,52.61,26,1,1.21
380,Vanimo,PG,2021-12-09 21:44:15,-2.6741,141.3028,78.96,87,100,3.24
381,Holme,DK,2021-12-09 21:44:15,56.1138,10.1725,35.64,91,100,9.95
382,Ambon,ID,2021-12-09 21:40:16,-3.6954,128.1814,75.34,100,40,8.05
383,Umm Lajj,SA,2021-12-09 21:44:16,25.0213,37.2685,74.7,29,3,14.45
384,Griffith,US,2021-12-09 21:44:17,41.5284,-87.4237,46.99,65,90,1.99
385,Gobabis,NA,2021-12-09 21:44:17,-22.45,18.9667,68.9,66,100,14.27
386,Balkanabat,TM,2021-12-09 21:44:18,39.5108,54.3671,56.77,35,75,8.03
387,Dong Hoi,VN,2021-12-09 21:44:18,17.4833,106.6,66.45,92,100,8.37
388,Olinda,BR,2021-12-09 21:44:19,-8.0089,-34.8553,82.13,74,40,8.05
389,Palaikastron,GR,2021-12-09 21:44:20,35.2,26.25,63.75,70,78,16.67
390,Turan,VN,2021-12-09 21:44:20,16.0678,108.2208,69.78,94,40,1.14
391,Chapadinha,BR,2021-12-09 21:44:23,-3.7417,-43.3603,77.31,85,86,0.36
392,Port Lincoln,AU,2021-12-09 21:44:25,-34.7333,135.8667,58.42,67,56,14.45
393,Bulgan,MN,2021-12-09 21:44:25,48.8125,103.5347,15.06,81,60,5.21
394,Urengoy,RU,2021-12-09 21:44:26,65.9667,78.3667,-19.21,100,60,4.9
395,Ixtapa,MX,2021-12-09 21:44:27,20.7,-105.2,79.83,50,75,9.22
396,Conceicao Das Alagoas,BR,2021-12-09 21:44:27,-19.9147,-48.3883,73.9,49,0,6.06
397,Alice Springs,AU,2021-12-09 21:44:28,-23.7,133.8833,65.75,45,0,5.75
398,Yulara,AU,2021-12-09 21:44:29,-25.2406,130.9889,67.84,28,40,8.05
399,Tsiroanomandidy,MG,2021-12-09 21:44:29,-18.7667,46.0333,72.73,64,78,5.84
400,Neokhorion,GR,2021-12-09 21:44:30,41.1833,23.25,54.68,87,85,3.47
401,Mahibadhoo,MV,2021-12-09 21:44:30,3.7833,72.9667,81.82,76,91,11.03
402,Malatya,TR,2021-12-09 21:44:31,38.5,38.0,37.45,100,75,3.44
403,Xuddur,SO,2021-12-09 21:44:31,4.1213,43.8894,73.74,36,57,8.88
404,Brentwood,US,2021-12-09 21:44:32,40.7812,-73.2462,38.8,58,90,1.01
405,Spilamberto,IT,2021-12-09 21:44:33,44.5343,11.0195,44.17,91,97,3.27
406,Dunmore Town,BS,2021-12-09 21:44:33,25.5,-76.65,77.13,78,10,2.68
407,Tuatapere,NZ,2021-12-09 21:44:34,-46.1333,167.6833,59.83,57,9,2.28
408,Pailon,BO,2021-12-09 21:44:34,-17.65,-62.75,95.9,52,76,5.75
409,Bacolod,PH,2021-12-09 21:39:38,10.6667,122.95,77.4,86,94,15.86
410,La Cumbre,AR,2021-12-09 21:44:35,-30.982,-64.4914,58.1,96,99,4.0
411,Fartura,BR,2021-12-09 21:44:36,-23.3883,-49.51,72.36,41,0,2.77
412,Wukari,NG,2021-12-09 21:44:36,7.85,9.7833,74.98,22,3,4.23
413,Khandyga,RU,2021-12-09 21:44:37,62.6667,135.6,-12.33,99,100,3.02
414,Quatre Cocos,MU,2021-12-09 21:44:37,-20.2078,57.7625,73.51,70,10,7.7
415,Guerrero Negro,MX,2021-12-09 21:44:38,27.9769,-114.0611,65.07,68,99,7.52
416,Isla Mujeres,MX,2021-12-09 21:44:39,21.2311,-86.731,84.16,76,40,12.39
417,Khani,GE,2021-12-09 21:44:39,41.9563,42.9566,42.37,91,100,2.46
418,Poya,NC,2021-12-09 21:44:40,-21.35,165.15,85.14,65,10,3.31
419,Feijo,BR,2021-12-09 21:44:41,-8.1642,-70.3536,82.24,77,99,3.67
420,Katherine,AU,2021-12-09 21:44:41,-14.4667,132.2667,80.92,78,75,5.75
421,Dicabisagan,PH,2021-12-09 21:44:42,17.0818,122.4157,74.01,77,100,9.1
422,Verkhniy Avzyan,RU,2021-12-09 21:44:42,53.5289,57.5372,8.89,86,99,3.4
423,Acarau,BR,2021-12-09 21:44:43,-2.8856,-40.12,81.57,80,87,17.76
424,Denpasar,ID,2021-12-09 21:44:17,-8.65,115.2167,82.06,78,40,8.05
425,Walvis Bay,NA,2021-12-09 21:44:44,-22.9575,14.5053,60.1,82,3,3.44
426,Ozinki,RU,2021-12-09 21:44:44,51.1786,49.6769,30.47,84,100,7.25
427,Bettiah,IN,2021-12-09 21:44:45,26.8,84.5,61.57,47,0,7.05
428,El Copey,CO,2021-12-09 21:44:45,10.1503,-73.9614,88.56,48,23,6.87
429,Roma,US,2021-12-09 21:40:03,43.2128,-75.4557,31.12,77,75,0.0
430,Konza,KE,2021-12-09 21:44:46,-1.7426,37.1294,64.04,95,97,4.9
431,Lima,PE,2021-12-09 21:40:02,-12.0432,-77.0282,68.25,68,20,16.11
432,Awjilah,LY,2021-12-09 21:44:47,29.1081,21.2869,56.84,44,41,9.04
433,Nuuk,GL,2021-12-09 21:44:47,64.1835,-51.7216,29.01,93,75,9.22
434,Neuquen,AR,2021-12-09 21:44:48,-38.9516,-68.0591,78.69,17,0,6.91
435,Wajima,JP,2021-12-09 21:44:49,37.4,136.9,51.55,72,100,4.68
436,Zhuhai,CN,2021-12-09 21:44:49,22.2769,113.5678,67.05,82,0,8.05
437,New Agutaya,PH,2021-12-09 21:44:50,10.5614,119.3078,78.19,79,94,7.7
438,Resistencia,AR,2021-12-09 21:44:07,-27.4606,-58.9839,89.58,39,0,10.36
439,Tura,IN,2021-12-09 21:44:51,25.5198,90.2201,61.23,89,0,3.49
440,Atbasar,KZ,2021-12-09 21:44:51,51.8,68.3333,4.55,82,54,5.82
441,Severnyy,RU,2021-12-09 21:44:52,50.677,36.5532,41.04,100,90,8.95
442,Valparaiso,CL,2021-12-09 21:44:52,-33.0393,-71.6273,65.84,69,20,5.75
443,Koumac,NC,2021-12-09 21:44:53,-20.5667,164.2833,84.51,65,14,1.07
444,Kudahuvadhoo,MV,2021-12-09 21:44:54,2.6708,72.8944,81.59,77,79,11.68
445,San Francisco,US,2021-12-09 21:41:09,37.7749,-122.4194,60.44,62,20,3.0
446,Natal,BR,2021-12-09 21:43:56,-5.795,-35.2094,83.05,78,40,14.97
447,Storforshei,NO,2021-12-09 21:44:56,66.4043,14.5233,31.78,59,20,12.66
448,Zhigansk,RU,2021-12-09 21:44:56,66.7697,123.3711,-12.51,96,100,19.73
449,Areosa,PT,2021-12-09 21:44:57,41.7178,-8.8571,57.33,92,70,11.74
450,Bonthe,SL,2021-12-09 21:44:58,7.5264,-12.505,81.27,81,13,5.79
451,Vao,NC,2021-12-09 21:44:58,-22.6667,167.4833,78.87,82,7,14.25
452,Chicama,PE,2021-12-09 21:44:59,-7.8447,-79.1469,66.74,67,96,8.72
453,Rach Gia,VN,2021-12-09 21:44:59,10.0167,105.0833,73.35,79,94,11.5
454,Sinnamary,GF,2021-12-09 21:45:00,5.3833,-52.95,78.3,90,96,9.42
455,Tadine,NC,2021-12-09 21:45:00,-21.55,167.8833,81.97,74,9,11.52
456,Ornskoldsvik,SE,2021-12-09 21:45:01,63.2909,18.7153,31.82,93,90,11.5
457,Fort Nelson,CA,2021-12-09 21:45:01,58.8053,-122.7002,11.79,85,75,2.3
458,Prince George,CA,2021-12-09 21:45:02,53.9166,-122.753,26.04,79,75,9.22
459,Chilca,PE,2021-12-09 21:45:03,-12.5211,-76.7372,69.96,85,100,5.39
460,Potsdam,DE,2021-12-09 21:45:03,52.3989,13.0657,33.73,94,100,1.57
461,Pacific Grove,US,2021-12-09 21:44:00,36.6177,-121.9166,60.69,71,75,5.99
462,Tazovskiy,RU,2021-12-09 21:45:05,67.4667,78.7,-21.24,100,21,3.27
463,Rorvik,NO,2021-12-09 21:45:06,64.8621,11.2373,35.71,60,0,16.11
464,Touros,BR,2021-12-09 21:45:06,-5.1989,-35.4608,83.3,76,86,14.16
465,Isla Vista,US,2021-12-09 21:45:07,34.4133,-119.861,61.27,64,40,19.57
466,Turayf,SA,2021-12-09 21:45:08,31.6725,38.6637,44.85,81,0,0.0
467,Beacon,US,2021-12-09 21:45:09,41.5048,-73.9696,36.99,63,90,0.0
468,Ancud,CL,2021-12-09 21:45:09,-41.8697,-73.8203,78.33,63,0,5.66
469,Sur,OM,2021-12-09 21:45:10,22.5667,59.5289,71.49,47,0,7.25
470,San Cristobal,VE,2021-12-09 21:43:53,7.7669,-72.225,73.58,83,91,2.48
471,Vorobyevka,RU,2021-12-09 21:45:11,50.6451,40.9245,33.55,90,98,5.06
472,Cairns,AU,2021-12-09 21:40:40,-16.9167,145.7667,80.06,88,51,0.0
473,Barillas,GT,2021-12-09 21:45:11,15.8036,-91.3158,80.94,65,23,4.5
474,Malanje,AO,2021-12-09 21:45:12,-9.5402,16.341,64.18,96,87,1.59
475,Morgan City,US,2021-12-09 21:45:12,29.6994,-91.2068,79.0,100,90,10.36
476,Mildura,AU,2021-12-09 21:45:13,-34.2,142.15,57.07,62,50,10.36
477,Tonantins,BR,2021-12-09 21:45:13,-2.8731,-67.8022,77.54,96,100,1.99
478,Merritt Island,US,2021-12-09 21:45:14,28.5392,-80.672,79.27,80,1,8.05
479,Kavaratti,IN,2021-12-09 21:45:14,10.5669,72.642,81.5,71,73,10.16
480,Bertoua,CM,2021-12-09 21:45:15,4.5833,13.6833,72.19,39,5,2.75
481,Atambua,ID,2021-12-09 21:45:15,-9.1061,124.8925,75.47,83,91,1.68
482,San Pedro,PH,2021-12-09 21:41:08,14.35,121.0167,76.23,78,75,2.3
483,Jacareacanga,BR,2021-12-09 21:45:16,-6.2222,-57.7528,77.18,94,87,0.83
484,Faya,SA,2021-12-09 21:45:16,18.3851,42.4509,51.91,17,18,5.01
485,Souillac,MU,2021-12-09 21:45:17,-20.5167,57.5167,73.78,88,75,10.36
486,Askino,RU,2021-12-09 21:45:17,56.0901,56.5783,25.65,68,100,11.34
487,Ridgecrest,US,2021-12-09 21:45:18,35.6225,-117.6709,57.06,41,75,11.01
488,Usevya,TZ,2021-12-09 21:45:19,-7.1,31.2333,66.31,94,25,3.98
489,Lake City,US,2021-12-09 21:45:19,30.1897,-82.6393,68.04,81,99,3.51
490,Baykit,RU,2021-12-09 21:45:20,61.67,96.37,3.33,96,100,5.99
491,Son La,VN,2021-12-09 21:45:20,21.3167,103.9,56.21,96,57,1.63
492,Mikhaylovka,RU,2021-12-09 21:45:21,50.06,43.2379,34.79,87,100,7.81
493,Yar-Sale,RU,2021-12-09 21:45:22,66.8333,70.8333,-1.89,100,87,5.95
494,Ilulissat,GL,2021-12-09 21:45:22,69.2167,-51.1,24.82,33,80,14.97
495,Gigmoto,PH,2021-12-09 21:45:23,13.7796,124.39,78.3,85,100,15.68
496,Kisangani,CD,2021-12-09 21:45:25,0.5167,25.2,74.39,77,5,0.74
497,Corsicana,US,2021-12-09 21:45:26,32.0954,-96.4689,81.48,63,1,8.99
498,Altay,CN,2021-12-09 21:45:27,47.8667,88.1167,0.77,85,52,5.01
499,Cervo,ES,2021-12-09 21:45:27,43.6702,-7.4101,56.19,90,100,24.05
500,Vardo,NO,2021-12-09 21:45:28,70.3705,31.1107,16.0,72,20,31.07
501,Mandalgovi,MN,2021-12-09 21:45:29,45.7625,106.2708,16.47,71,86,5.23
502,Kamaishi,JP,2021-12-09 21:45:29,39.2667,141.8833,42.44,78,42,5.39
503,Manggar,ID,2021-12-09 21:45:30,-2.8833,108.2667,77.77,88,100,11.79
504,Dubai,AE,2021-12-09 21:42:03,25.2582,55.3047,71.53,49,0,4.61
505,Krasnouralsk,RU,2021-12-09 21:45:31,58.3638,60.0407,28.63,62,100,7.54
506,Santa Clara,CU,2021-12-09 21:43:32,22.4,-79.9667,84.97,69,20,11.5
507,Puerto Escondido,MX,2021-12-09 21:45:32,15.85,-97.0667,84.31,64,75,6.46
508,Aklavik,CA,2021-12-09 21:45:32,68.2191,-135.0107,5.83,77,90,0.0
509,Kanye,BW,2021-12-09 21:45:33,-24.9667,25.3327,72.37,51,100,9.62
510,Davila,PH,2021-12-09 21:45:33,18.4726,120.5763,67.98,78,55,24.38
511,Bengkulu,ID,2021-12-09 21:41:18,-3.8004,102.2655,75.69,91,100,5.21
512,Astoria,US,2021-12-09 21:45:34,46.1879,-123.8313,47.86,85,90,4.0
513,Espanola,US,2021-12-09 21:45:16,35.9911,-106.0806,56.61,43,77,11.74
514,Mount Gambier,AU,2021-12-09 21:45:35,-37.8333,140.7667,55.31,76,90,9.22
515,Weiser,US,2021-12-09 21:45:36,44.251,-116.9693,43.0,62,44,4.92
516,Mogadishu,SO,2021-12-09 21:45:37,2.0371,45.3438,78.39,75,39,19.46
517,Coeneo,MX,2021-12-09 21:45:39,19.8167,-101.5833,74.62,27,52,1.1
518,Oktyabrskoye,RU,2021-12-09 21:45:40,43.0645,44.7417,42.94,100,99,0.0
519,Karratha,AU,2021-12-09 21:45:41,-20.7377,116.8463,87.71,39,65,10.63
520,Nara,JP,2021-12-09 21:42:14,34.6851,135.8049,49.98,78,100,1.61
521,Great Bend,US,2021-12-09 21:45:42,38.3645,-98.7648,67.87,27,1,1.01
522,Nambucca Heads,AU,2021-12-09 21:45:42,-30.65,153.0,75.2,50,21,8.97
523,Tornio,FI,2021-12-09 21:45:42,65.8481,24.1466,15.82,94,100,12.44
524,Atar,MR,2021-12-09 21:45:43,20.5169,-13.0499,66.09,13,81,11.07
525,Celestun,MX,2021-12-09 21:45:44,20.8667,-90.4,83.01,65,99,10.89
526,Mana,GF,2021-12-09 21:45:44,5.6592,-53.7767,77.99,90,70,8.77
527,Buraydah,SA,2021-12-09 21:45:45,26.326,43.975,55.85,32,3,9.78
528,Ugoofaaru,MV,2021-12-09 21:45:46,5.6667,73.0,81.27,77,100,8.97
529,Maragogi,BR,2021-12-09 21:45:46,-9.0122,-35.2225,80.37,78,15,11.36
530,Carnot,CF,2021-12-09 21:45:48,4.9409,15.8665,76.12,29,18,2.19
531,Marand,IR,2021-12-09 21:45:49,38.4329,45.7749,41.34,86,67,1.23
532,Kirakira,SB,2021-12-09 21:45:50,-10.4544,161.9205,83.86,76,92,5.44
533,Lhokseumawe,ID,2021-12-09 21:45:50,5.1801,97.1507,75.61,87,93,4.81
534,Chukhloma,RU,2021-12-09 21:45:51,58.7525,42.6825,1.09,98,25,3.49
535,Oga,IT,2021-12-09 21:45:51,46.4631,10.347,16.97,98,87,2.13
536,Madang,PG,2021-12-09 21:45:52,-5.2246,145.7966,79.29,86,96,7.54
537,Breves,BR,2021-12-09 21:45:53,-1.6822,-50.4803,78.55,84,92,4.7
538,Malakal,SS,2021-12-09 21:45:25,9.5334,31.6605,79.86,28,2,5.3
539,Honiara,SB,2021-12-09 21:45:54,-9.4333,159.95,82.62,83,98,2.01
540,Borujerd,IR,2021-12-09 21:45:54,33.8973,48.7516,42.42,63,5,4.03
541,Akyab,MM,2021-12-09 21:45:55,20.15,92.9,72.75,89,41,6.78
542,Beatrice,US,2021-12-09 21:54:39,40.2681,-96.747,59.18,41,1,14.97
543,Mvuma,ZW,2021-12-09 21:56:58,-19.2792,30.5283,67.69,47,20,5.61
544,Manaure,CO,2021-12-09 21:56:58,11.7751,-72.4445,84.31,61,99,19.91
545,Mareeba,AU,2021-12-09 21:56:59,-17.0,145.4333,84.33,83,64,2.06
546,Boundiali,CI,2021-12-09 21:56:59,9.5217,-6.4869,76.08,21,5,1.95
547,Albacete,ES,2021-12-09 21:57:00,38.8333,-2.0,45.41,87,0,17.27
548,Oranjemund,NA,2021-12-09 21:57:00,-28.55,16.4333,62.73,85,39,9.13
549,Reporoa,NZ,2021-12-09 21:57:01,-38.4333,176.35,73.33,41,68,3.33
550,Katangli,RU,2021-12-09 21:57:01,51.7102,143.2326,29.68,85,100,10.13
551,San Patricio,US,2021-12-09 21:57:02,28.017,-97.5169,88.05,53,34,13.47
552,Ueda,JP,2021-12-09 21:57:03,36.4,138.2667,40.62,86,100,2.77
553,Mookane,BW,2021-12-09 21:57:03,-23.688,26.6595,74.17,61,99,6.24
554,Kungurtug,RU,2021-12-09 21:57:04,50.5994,97.5228,-8.79,98,80,1.74
555,Lere,NG,2021-12-09 21:57:04,10.387,8.5726,66.6,24,1,4.59
556,Chechat,IN,2021-12-09 21:57:05,24.7667,75.8833,58.26,49,0,5.14
